{
  "ate_mean_m": 29.539179437030825,
  "ate_rmse_m": 38.921327631184724,
  "ate_std_m": 25.343768913895158,
  "completeness_pct": 19.170374916884047,
  "delta_m": 10.0,
  "gt_poses": 19551,
  "matched_poses": 3748,
  "rpe_rot_drift_deg_per_100m": 86.06518063402942,
  "rpe_rot_mean_deg": 8.606518063402941,
  "rpe_rot_rmse_deg": 16.702819159823253,
  "rpe_trans_drift_m_per_m": 1.278612140231028,
  "rpe_trans_mean_m": 12.78612140231028,
  "rpe_trans_rmse_m": 14.64553180886835,
  "t_max_diff_s": 0.1
}